날짜	구절	본문
1-1	신명기 17장 19절	평생에 자기 옆에 두고 읽어 그의 하나님 여호와 경외하기를 배우며 이 율법의 모든 말과 이 규례를 지켜 행할 것이라
1-2	여호수아 1장 8절	이 율법책을 네 입에서 떠나지 말게 하며 주야로 그것을 묵상하여 그 안에 기록된 대로 다 지켜 행하라 그리하면 네 길이 평탄하게 될 것이며 네가 형통하리라
1-3	이사야 34장 16절	너희는 여호와의 책에서 찾아 읽어보라 이것들 가운데서 빠진 것이 하나도 없고 제 짝이 없는 것이 없으리니 이는 여호와의 입이 이를 명령하셨고 그의 영이 이것들을 모으셨음이라
1-4	시편 119편 9-11절	청년이 무엇으로 그의 행실을 깨끗하게 하리이까 주의 말씀만 지킬 따름이니이다개행내가 전심으로 주를 찾았사오니 주의 계명에서 떠나지 말게 하소서개행내가 주께 범죄하지 아니하려 하여 주의 말씀을 내 마음에 두었나이다
1-5	마태복음 4장 4절	예수께서 대답하여 이르시되 기록되었으되 사람이 떡으로만 살 것이 아니요 하나님의 입으로부터 나오는 모든 말씀으로 살 것이라 하였느니라 하시니
1-6	요한복음 1장 1절개행요한복음 5장 39절	태초에 말씀이 계시니라 이 말씀이 하나님과 함께 계셨으니 이 말씀은 곧 하나님이시니라개행너희가 성경에서 영생을 얻는 줄 생각하고 성경을 연구하거니와 이 성경이 곧 내게 대하여 증언하는 것이니라
1-7	로마서 10장 17절	그러므로 믿음은 들음에서 나며 들음은 그리스도의 말씀으로 말미암았느니라
1-8	빌립보서 2장 16절	생명의 말씀을 밝혀 나의 달음질이 헛되지 아니하고 수고도 헛되지 아니함으로 그리스도의 날에 내가 자랑할 것이 있게 하려 함이라
1-9	디모데후서 3장 16-17절	모든 성경은 하나님의 감동으로 된 것으로 교훈과 책망과 바르게 함과 의로 교육하기에 유익하니개행이는 하나님의 사람으로 온전하게 하며 모든 선한 일을 행할 능력을 갖추게 하려 함이라
1-10	베드로후서 1장 20-21절	먼저 알 것은 성경의 모든 예언은 사사로이 풀 것이 아니니개행예언은 언제든지 사람의 뜻으로 낸 것이 아니요 오직 성령의 감동하심을 받은 사람들이 하나님께 받아 말한 것임이라
1-11	베드로후서 3장 16절	또 그 모든 편지에도 이런 일에 관하여 말하였으되 그 중에 알기 어려운 것이 더러 있으니 무식한 자들과 굳세지 못한 자들이 다른 성경과 같이 그것도 억지로 풀다가 스스로 멸망에 이르느니라
1-12	요한계시록 22장 18-19절	내가 이 두루마리의 예언의 말씀을 듣는 모든 사람에게 증언하노니 만일 누구든지 이것들 외에 더하면 하나님이 이 두루마리에 기록된 재앙들을 그에게 더하실 것이요개행만일 누구든지 이 두루마리의 예언의 말씀에서 제하여 버리면 하나님이 이 두루마리에 기록된 생명나무와 및 거룩한 성에 참여함을 제하여 버리시리라
1-13	창세기 1장 1-2절	태초에 하나님이 천지를 창조하시니라개행땅이 혼돈하고 공허하며 흑암이 깊음 위에 있고 하나님의 영은 수면 위에 운행하시니라
1-14	출애굽기 20장 5-6절	그것들에게 절하지 말며 그것들을 섬기지 말라 나 네 하나님 여호와는 질투하는 하나님인즉 나를 미워하는 자의 죄를 갚되 아버지로부터 아들에게로 삼사 대까지 이르게 하거니와개행나를 사랑하고 내 계명을 지키는 자에게는 천 대까지 은혜를 베푸느니라
1-15	민수기 23장 19절	하나님은 사람이 아니시니 거짓말을 하지 않으시고 인생이 아니시니 후회가 없으시도다 어찌 그 말씀하신 바를 행하지 않으시며 하신 말씀을 실행하지 않으시랴
1-16	신명기 6장 4-5절	이스라엘아 들으라 우리 하나님 여호와는 오직 유일한 여호와이시니개행너는 마음을 다하고 뜻을 다하고 힘을 다하여 네 하나님 여호와를 사랑하라
1-17	여호수아 1장 9절	내가 네게 명령한 것이 아니냐 강하고 담대하라 두려워하지 말며 놀라지 말라 네가 어디로 가든지 네 하나님 여호와가 너와 함께 하느니라 하시니라
1-18	열왕기상 8장 39절	주는 계신 곳 하늘에서 들으시고 사하시며 각 사람의 마음을 아시오니 그들의 모든 행위대로 행하사 갚으시옵소서 주만 홀로 사람의 마음을 다 아심이니이다
1-19	느혜미야 9장 6절	오직 주는 여호와시라 하늘과 하늘들의 하늘과 일월 성신과 땅과 땅 위의 만물과 바다와 그 가운데 모든 것을 지으시고 다 보존하시오니 모든 천군이 주께 경배하나이다
1-20	욥기 11장 7-9절	네가 하나님의 오묘함을 어찌 능히 측량하며 전능자를 어찌 능히 완전히 알겠느냐개행하늘보다 높으시니 네가 무엇을 하겠으며 스올보다 깊으시니 네가 어찌 알겠느냐개행그의 크심은 땅보다 길고 바다보다 넓으니라
1-21	시편 18편 1-2절	나의 힘이신 여호와여 내가 주를 사랑하나이다개행여호와는 나의 반석이시요 나의 요새시요 나를 건지시는 이시요 나의 하나님이시요 내가 그 안에 피할 나의 바위시요 나의 방패시요 나의 구원의 뿔이시요 나의 산성이시로다
1-22	시편 27편 1절	여호와는 나의 빛이요 나의 구원이시니 내가 누구를 두려워하리요 여호와는 내 생명의 능력이시니 내가 누구를 무서워하리
1-23	시편 46편 1-3절	하나님은 우리의 피난처시요 힘이시니 환난 중에 만날 큰 도움이시라개행그러므로 땅이 변하든지 산이 흔들려 바다 가운데에 빠지든지개행바닷물이 솟아나고 뛰놀든지 그것이 넘침으로 산이 흔들릴지라도 우리는 두려워하지 아니하리로다 (셀라)
1-24	시편 62편 1-2절	나의 영혼이 잠잠히 하나님만 바람이여 나의 구원이 그에게서 나오는도다개행오직 그만이 나의 반석이시요 나의 구원이시요 나의 요새이시니 내가 크게 흔들리지 아니하리로
1-25	시편 103편 8-11절	여호와는 긍휼이 많으시고 은혜로우시며 노하기를 더디 하시고 인자하심이 풍부하시도다개행자주 경책하지 아니하시며 노를 영원히 품지 아니하시리로다개행우리의 죄를 따라 우리를 처벌하지는 아니하시며 우리의 죄악을 따라 우리에게 그대로 갚지는 아니하셨으니개행이는 하늘이 땅에서 높음 같이 그를 경외하는 자에게 그의 인자하심이 크심이로다
1-26	시편 121편 5-8절	여호와는 너를 지키시는 이시라 여호와께서 네 오른쪽에서 네 그늘이 되시나니개행낮의 해가 너를 상하게 하지 아니하며 밤의 달도 너를 해치지 아니하리로다개행여호와께서 너를 지켜 모든 환난을 면하게 하시며 또 네 영혼을 지키시리로다개행여호와께서 너의 출입을 지금부터 영원까지 지키시리로다
1-27	시편 127편 1-2절	여호와께서 집을 세우지 아니하시면 세우는 자의 수고가 헛되며 여호와께서 성을 지키지 아니하시면 파수꾼의 깨어 있음이 헛되도다개행너희가 일찍이 일어나고 늦게 누우며 수고의 떡을 먹음이 헛되도다 그러므로 여호와께서 그의 사랑하시는 자에게는 잠을 주시는도다
1-28	잠언 16장 9절	사람이 마음으로 자기의 길을 계획할지라도 그의 걸음을 인도하시는 이는 여호와시니라
1-29	이사야 40장 26절	너희는 눈을 높이 들어 누가 이 모든 것을 창조하였나 보라 주께서는 수효대로 만상을 이끌어 내시고 그들의 모든 이름을 부르시나니 그의 권세가 크고 그의 능력이 강하므로 하나도 빠짐이 없느니라
1-30	이사야 45장 18절	대저 여호와께서 이같이 말씀하시되 하늘을 창조하신 이 그는 하나님이시니 그가 땅을 지으시고 그것을 만드셨으며 그것을 견고하게 하시되 혼돈하게 창조하지 아니하시고 사람이 거주하게 그것을 지으셨으니 나는 여호와라 나 외에 다른 이가 없느니라
1-31	이사야 55장 6-9절	너희는 여호와를 만날 만한 때에 찾으라 가까이 계실 때에 그를 부르라개행악인은 그의 길을, 불의한 자는 그의 생각을 버리고 여호와께로 돌아오라 그리하면 그가 긍휼히 여기시리라 우리 하나님께로 돌아오라 그가 너그럽게 용서하시리라개행이는 내 생각이 너희의 생각과 다르며 내 길은 너희의 길과 다름이니라 여호와의 말씀이니라개행이는 하늘이 땅보다 높음 같이 내 길은 너희의 길보다 높으며 내 생각은 너희의 생각보다 높음이니라
2-1	마태복음 22장 32절	나는 아브라함의 하나님이요 이삭의 하나님이요 야곱의 하나님이로라 하신 것을 읽어 보지 못하였느냐 하나님은 죽은 자의 하나님이 아니요 살아 있는 자의 하나님이시니라 하시니
2-2	요한복음 1장 14절	말씀이 육신이 되어 우리 가운데 거하시매 우리가 그의 영광을 보니 아버지의 독생자의 영광이요 은혜와 진리가 충만하더라
2-3	요한복음 1장 18절	본래 하나님을 본 사람이 없으되 아버지 품 속에 있는 독생하신 하나님이 나타내셨느니라
2-4	사도행전 17장 24-25절	우주와 그 가운데 있는 만물을 지으신 하나님께서는 천지의 주재시니 손으로 지은 전에 계시지 아니하시고개행또 무엇이 부족한 것처럼 사람의 손으로 섬김을 받으시는 것이 아니니 이는 만민에게 생명과 호흡과 만물을 친히 주시는 이심이라
2-5	로마서 11장 33절	깊도다 하나님의 지혜와 지식의 풍성함이여, 그의 판단은 헤아리지 못할 것이며 그의 길은 찾지 못할 것이로다
2-6	고린도후서 1장 3-4절	찬송하리로다 그는 우리 주 예수 그리스도의 하나님이시요 자비의 아버지시요 모든 위로의 하나님이시며개행우리의 모든 환난 중에서 우리를 위로하사 우리로 하여금 하나님께 받는 위로로써 모든 환난 중에 있는 자들을 능히 위로하게 하시는 이시로다
2-7	디모데전서 6장 15-16절	기약이 이르면 하나님이 그의 나타나심을 보이시리니 하나님은 복되시고 유일하신 주권자이시며 만왕의 왕이시며 만주의 주시요개행오직 그에게만 죽지 아니함이 있고 가까이 가지 못할 빛에 거하시고 어떤 사람도 보지 못하였고 또 볼 수 없는 이시니 그에게 존귀와 영원한 권능을 돌릴지어다 아멘
2-8	요한일서 1장 5절	우리가 그에게서 듣고 너희에게 전하는 소식은 이것이니 곧 하나님은 빛이시라 그에게는 어둠이 조금도 없으시다는 것이니라
2-9	요한일서 4장 4절	자녀들아 너희는 하나님께 속하였고 또 그들을 이기었나니 이는 너희 안에 계신 이가 세상에 있는 자보다 크심이라
2-10	요한일서 4장 16절	하나님이 우리를 사랑하시는 사랑을 우리가 알고 믿었노니 하나님은 사랑이시라 사랑 안에 거하는 자는 하나님 안에 거하고 하나님도 그의 안에 거하시느니라
2-11	욥기 25장 4-6절	그런즉 하나님 앞에서 사람이 어찌 의롭다 하며 여자에게서 난 자가 어찌 깨끗하다 하랴개행보라 그의 눈에는 달이라도 빛을 발하지 못하고 별도 빛나지 못하거든개행하물며 구더기 같은 사람, 벌레 같은 인생이랴
2-12	시편 39편 4-5절	여호와여 나의 종말과 연한이 언제까지인지 알게 하사 내가 나의 연약함을 알게 하소서개행주께서 나의 날을 한 뼘 길이만큼 되게 하시매 나의 일생이 주 앞에는 없는 것 같사오니 사람은 그가 든든히 서 있는 때에도 진실로 모두가 허사뿐이니이다 (셀라)
2-13	시편 90편 3-4절	주께서 사람을 티끌로 돌아가게 하시고 말씀하시기를 너희 인생들은 돌아가라 하셨사오니개행주의 목전에는 천 년이 지나간 어제 같으며 밤의 한 순간 같을 뿐임이니이다
2-14	시편 90편 1절	주여 주는 대대에 우리의 거처가 되셨나이다
2-15	시편 144편 3-4절	여호와여 사람이 무엇이기에 주께서 그를 알아 주시며 인생이 무엇이기에 그를 생각하시나이까개행사람은 헛것 같고 그의 날은 지나가는 그림자 같으니이다
2-16	잠언 22장 6절	마땅히 행할 길을 아이에게 가르치라 그리하면 늙어도 그것을 떠나지 아니하리라
2-17	잠언 23장 24절	의인의 아비는 크게 즐거울 것이요 지혜로운 자식을 낳은 자는 그로 말미암아 즐거울 것이니라
2-18	잠언 27장 1절	너는 내일 일을 자랑하지 말라 하루 동안에 무슨 일이 일어날는지 네가 알 수 없음이니라
2-19	전도서 1장 2-4절	전도자가 이르되 헛되고 헛되며 헛되고 헛되니 모든 것이 헛되도다개행해 아래에서 수고하는 모든 수고가 사람에게 무엇이 유익한가개행한 세대는 가고 한 세대는 오되 땅은 영원히 있도다
2-20	전도서 5장 15-16절	그가 모태에서 벌거벗고 나왔은즉 그가 나온 대로 돌아가고 수고하여 얻은 것을 아무것도 자기 손에 가지고 가지 못하리니개행이것도 큰 불행이라 어떻게 왔든지 그대로 가리니 바람을 잡는 수고가 그에게 무엇이 유익하랴
2-21	고린도전서 7장 3-4절	남편은 그 아내에 대한 의무를 다하고 아내도 그 남편에게 그렇게 할지라개행아내는 자기 몸을 주장하지 못하고 오직 그 남편이 하며 남편도 그와 같이 자기 몸을 주장하지 못하고 오직 그 아내가 하나니
2-22	에베소서 6장 4절	또 아비들아 너희 자녀를 노엽게 하지 말고 오직 주의 교훈과 훈계로 양육하라
2-23	빌립보서 1장 27절	오직 너희는 그리스도의 복음에 합당하게 생활하라 이는 내가 너희에게 가 보나 떠나 있으나 너희가 한마음으로 서서 한 뜻으로 복음의 신앙을 위하여 협력하는 것과
2-24	야고보서 1장 9-10절	낮은 형제는 자기의 높음을 자랑하고개행부한 자는 자기의 낮아짐을 자랑할지니 이는 그가 풀의 꽃과 같이 지나감이라
2-25	야고보서 4장 14절	내일 일을 너희가 알지 못하는도다 너희 생명이 무엇이냐 너희는 잠깐 보이다가 없어지는 안개니라
2-26	욥기 35장 7-8절	그대가 의로운들 하나님께 무엇을 드리겠으며 그가 그대의 손에서 무엇을 받으시겠느냐개행그대의 악은 그대와 같은 사람에게나 있는 것이요 그대의 공의는 어떤 인생에게도 있느니라
2-27	시편 118편 19-20절	내게 의의 문들을 열지어다 내가 그리로 들어가서 여호와께 감사하리로다개행이는 여호와의 문이라 의인들이 그리로 들어가리로다
2-28	이사야 64장 6절	무릇 우리는 다 부정한 자 같아서 우리의 의는 다 더러운 옷 같으며 우리는 다 잎사귀 같이 시들므로 우리의 죄악이 바람 같이 우리를 몰아가나이다
3-1	로마서 3장 23-24절	모든 사람이 죄를 범하였으매 하나님의 영광에 이르지 못하더니개행그리스도 예수 안에 있는 속량으로 말미암아 하나님의 은혜로 값 없이 의롭다 하심을 얻은 자 되었느니라
3-2	로마서 4장 25절	예수는 우리가 범죄한 것 때문에 내줌이 되고 또한 우리를 의롭다 하시기 위하여 살아나셨느니라
3-3	로마서 5장 1절개행로마서 5장 18-19절	그러므로 우리가 믿음으로 의롭다 하심을 받았으니 우리 주 예수 그리스도로 말미암아 하나님과 화평을 누리자그런즉 한 범죄로 많은 사람이 정죄에 이른 것 같이 한 의로운 행위로 말미암아 많은 사람이 의롭다 하심을 받아 생명에 이르렀느니라개행한 사람이 순종하지 아니함으로 많은 사람이 죄인 된 것 같이 한 사람이 순종하심으로 많은 사람이 의인이 되리라
3-4	로마서 10장 3-4절	하나님의 의를 모르고 자기 의를 세우려고 힘써 하나님의 의에 복종하지 아니하였느니라개행그리스도는 모든 믿는 자에게 의를 이루기 위하여 율법의 마침이 되시니라
3-5	고린도전서 1장 30절	너희는 하나님으로부터 나서 그리스도 예수 안에 있고 예수는 하나님으로부터 나와서 우리에게 지혜와 의로움과 거룩함과 구원함이 되셨으니
3-6	갈라디아서 3장 10-11절	무릇 율법 행위에 속한 자들은 저주 아래에 있나니 기록된 바 누구든지 율법 책에 기록된 대로 모든 일을 항상 행하지 아니하는 자는 저주 아래에 있는 자라 하였음이라개행또 하나님 앞에서 아무도 율법으로 말미암아 의롭게 되지 못할 것이 분명하니 이는 의인은 믿음으로 살리라 하였음이라
3-7	빌립보서 3장 9절	그 안에서 발견되려 함이니 내가 가진 의는 율법에서 난 것이 아니요 오직 그리스도를 믿음으로 말미암은 것이니 곧 믿음으로 하나님께로부터 난 의라
3-8	창세기 2장 7절	여호와 하나님이 땅의 흙으로 사람을 지으시고 생기를 그 코에 불어넣으시니 사람이 생령이 되니라
3-9	욥기 19장 26절	내 가죽이 벗김을 당한 뒤에도 내가 육체 밖에서 하나님을 보리라
3-10	전도서 2장 24절	사람이 먹고 마시며 수고하는 것보다 그의 마음을 더 기쁘게 하는 것은 없나니 내가 이것도 본즉 하나님의 손에서 나오는 것이로다
3-11	전도서 3장 11절	하나님이 모든 것을 지으시되 때를 따라 아름답게 하셨고 또 사람들에게는 영원을 사모하는 마음을 주셨느니라 그러나 하나님이 하시는 일의 시종을 사람으로 측량할 수 없게 하셨도다
3-12	전도서 3장 20-21절	다 흙으로 말미암았으므로 다 흙으로 돌아가나니 다 한 곳으로 가거니와개행인생들의 혼은 위로 올라가고 짐승의 혼은 아래 곧 땅으로 내려가는 줄을 누가 알랴
3-13	이사야 57장 16절	내가 영원히 다투지 아니하며 내가 끊임없이 노하지 아니할 것은 내가 지은 그의 영과 혼이 내 앞에서 피곤할까 함이라
3-14	에스겔 18장 4절	모든 영혼이 다 내게 속한지라 아버지의 영혼이 내게 속함 같이 그의 아들의 영혼도 내게 속하였나니 범죄하는 그 영혼은 죽으리라
3-15	마태복음 10장 28절	몸은 죽여도 영혼은 능히 죽이지 못하는 자들을 두려워하지 말고 오직 몸과 영혼을 능히 지옥에 멸하실 수 있는 이를 두려워하라
3-16	누가복음 12장 20-21절	하나님은 이르시되 어리석은 자여 오늘 밤에 네 영혼을 도로 찾으리니 그러면 네 준비한 것이 누구의 것이 되겠느냐 하셨으니개행자기를 위하여 재물을 쌓아 두고 하나님께 대하여 부요하지 못한 자가 이와 같으니라
3-17	사도행전 7장 59-60절	그들이 돌로 스데반을 치니 스데반이 부르짖어 이르되 주 예수여 내 영혼을 받으시옵소서 하고개행무릎을 꿇고 크게 불러 이르되 주여 이 죄를 그들에게 돌리지 마옵소서 이 말을 하고 자니라
3-18	야고보서 2장 26절	영혼 없는 몸이 죽은 것 같이 행함이 없는 믿음은 죽은 것이니라
3-19	욥기 7장 17-19절	사람이 무엇이기에 주께서 그를 크게 만드사 그에게 마음을 두시고개행아침마다 권징하시며 순간마다 단련하시나이까개행주께서 내게서 눈을 돌이키지 아니하시며 내가 침을 삼킬 동안도 나를 놓지 아니하시기를 어느 때까지 하시리이까
3-20	욥기 23장 10절	그러나 내가 가는 길을 그가 아시나니 그가 나를 단련하신 후에는 내가 순금 같이 되어 나오리라
3-21	잠언 3장 5-6절	너는 마음을 다하여 여호와를 신뢰하고 네 명철을 의지하지 말라개행너는 범사에 그를 인정하라 그리하면 네 길을 지도하시리라
3-22	전도서 5장 2절	너는 하나님 앞에서 함부로 입을 열지 말며 급한 마음으로 말을 내지 말라 하나님은 하늘에 계시고 너는 땅에 있음이니라 그런즉 마땅히 말을 적게 할 것이라
3-23	고린도전서 6장 11절	너희 중에 이와 같은 자들이 있더니 주 예수 그리스도의 이름과 우리 하나님의 성령 안에서 씻음과 거룩함과 의롭다 하심을 받았느니라
3-24	고린도전서 10장 13절	사람이 감당할 시험 밖에는 너희가 당한 것이 없나니 오직 하나님은 미쁘사 너희가 감당하지 못할 시험 당함을 허락하지 아니하시고 시험 당할 즈음에 또한 피할 길을 내사 너희로 능히 감당하게 하시느니라
3-25	고린도후서 7장 1절	그런즉 사랑하는 자들아 이 약속을 가진 우리는 하나님을 두려워하는 가운데서 거룩함을 온전히 이루어 육과 영의 온갖 더러운 것에서 자신을 깨끗하게 하자
3-26	에베소서 5장 25-27절	남편들아 아내 사랑하기를 그리스도께서 교회를 사랑하시고 그 교회를 위하여 자신을 주심 같이 하라개행이는 곧 물로 씻어 말씀으로 깨끗하게 하사 거룩하게 하시고개행자기 앞에 영광스러운 교회로 세우사 티나 주름 잡힌 것이나 이런 것들이 없이 거룩하고 흠이 없게 하려 하심이라
3-27	골로새서 3장 9-10절	너희가 서로 거짓말을 하지 말라 옛 사람과 그 행위를 벗어 버리고개행새 사람을 입었으니 이는 자기를 창조하신 이의 형상을 따라 지식에까지 새롭게 하심을 입은 자니라
3-28	데살로니가전서 5장 23절	평강의 하나님이 친히 너희를 온전히 거룩하게 하시고 또 너희의 온 영과 혼과 몸이 우리 주 예수 그리스도께서 강림하실 때에 흠 없게 보전되기를 원하노라
3-29	디모데후서 2장 20-21절	큰 집에는 금 그릇과 은 그릇뿐 아니라 나무 그릇과 질그릇도 있어 귀하게 쓰는 것도 있고 천하게 쓰는 것도 있나니개행그러므로 누구든지 이런 것에서 자기를 깨끗하게 하면 귀히 쓰는 그릇이 되어 거룩하고 주인의 쓰심에 합당하며 모든 선한 일에 준비함이 되리라
3-30	히브리서 12장 6절	주께서 그 사랑하시는 자를 징계하시고 그가 받아들이시는 아들마다 채찍질하심이라 하였으니
3-31	야고보서 3장 17-18절	오직 위로부터 난 지혜는 첫째 성결하고 다음에 화평하고 관용하고 양순하며 긍휼과 선한 열매가 가득하고 편견과 거짓이 없나니개행화평하게 하는 자들은 화평으로 심어 의의 열매를 거두느니라
4-1	시편 86편 1-6절	여호와여 나는 가난하고 궁핍하오니 주의 귀를 기울여 내게 응답하소서개행나는 경건하오니 내 영혼을 보존하소서 내 주 하나님이여 주를 의지하는 종을 구원하소서개행주여 내게 은혜를 베푸소서 내가 종일 주께 부르짖나이다개행주여 내 영혼이 주를 우러러보오니 주여 내 영혼을 기쁘게 하소서개행주는 선하사 사죄하기를 즐거워하시며 주께 부르짖는 자에게 인자함이 후하심이니이다개행여호와여 나의 기도에 귀를 기울이시고 내가 간구하는 소리를 들으소서
4-2	시편 51편 17절	하나님께서 구하시는 제사는 상한 심령이라 하나님이여 상하고 통회하는 마음을 주께서 멸시하지 아니하시리이다
4-3	시편 145편 18절	여호와께서는 자기에게 간구하는 모든 자 곧 진실하게 간구하는 모든 자에게 가까이 하시는도다
4-4	잠언 30장 7-8절	내가 두 가지 일을 주께 구하였사오니 내가 죽기 전에 내게 거절하지 마시옵소서개행곧 헛된 것과 거짓말을 내게서 멀리 하옵시며 나를 가난하게도 마옵시고 부하게도 마옵시고 오직 필요한 양식으로 나를 먹이시옵소서
4-5	이사야 58장 9절	네가 부를 때에는 나 여호와가 응답하겠고 네가 부르짖을 때에는 내가 여기 있다 하리라 개행만일 네가 너희 중에서 멍에와 손가락질과 허망한 말을 제하여 버리고
4-6	이사야 64장 7절	주의 이름을 부르는 자가 없으며 스스로 분발하여 주를 붙잡는 자가 없사오니 이는 주께서 우리에게 얼굴을 숨기시며 우리의 죄악으로 말미암아 우리가 소멸되게 하셨음이니이다
4-7	예레미야 29장 12-13절	너희가 내게 부르짖으며 내게 와서 기도하면 내가 너희들의 기도를 들을 것이요개행너희가 온 마음으로 나를 구하면 나를 찾을 것이요 나를 만나리라
4-8	예레미야 33장 3절	 너는 내게 부르짖으라 내가 네게 응답하겠고 네가 알지 못하는 크고 은밀한 일을 네게 보이리라
4-9	스바냐 1장 6절	여호와를 배반하고 따르지 아니한 자들과 여호와를 찾지도 아니하며 구하지도 아니한 자들을 멸절하리라
4-10	마태복음 6장 6절	너는 기도할 때에 네 골방에 들어가 문을 닫고 은밀한 중에 계신 네 아버지께 기도하라 은밀한 중에 보시는 네 아버지께서 갚으시리라
4-11	마태복음 6장 33절	그런즉 너희는 먼저 그의 나라와 그의 의를 구하라 그리하면 이 모든 것을 너희에게 더하시리라
4-12	마태복음 18장 18-20절	진실로 너희에게 이르노니 무엇이든지 너희가 땅에서 매면 하늘에서도 매일 것이요 무엇이든지 땅에서 풀면 하늘에서도 풀리리라개행진실로 다시 너희에게 이르노니 너희 중의 두 사람이 땅에서 합심하여 무엇이든지 구하면 하늘에 계신 내 아버지께서 그들을 위하여 이루게 하시리라개행두세 사람이 내 이름으로 모인 곳에는 나도 그들 중에 있느니라
4-13	마태복음 21장 22절	너희가 기도할 때에 무엇이든지 믿고 구하는 것은 다 받으리라 하시니라
4-14	마태복음 26장 41절	시험에 들지 않게 깨어 기도하라 마음에는 원이로되 육신이 약하도다 하시고
4-15	마가복음 1장 35절	새벽 아직도 밝기 전에 예수께서 일어나 나가 한적한 곳으로 가사 거기서 기도하시더니
4-16	누가복음 11장 9-10절	내가 또 너희에게 이르노니 구하라 그러면 너희에게 주실 것이요 찾으라 그러면 찾아낼 것이요 문을 두드리라 그러면 너희에게 열릴 것이니개행구하는 이마다 받을 것이요 찾는 이는 찾아낼 것이요 두드리는 이에게는 열릴 것이니라
4-17	누가복음 22장 40절	그 곳에 이르러 그들에게 이르시되 유혹에 빠지지 않게 기도하라 하시고
4-18	요한복음 15장 7절	너희가 내 안에 거하고 내 말이 너희 안에 거하면 무엇이든지 원하는 대로 구하라 그리하면 이루리라
4-19	요한복음 15장 16절	너희가 나를 택한 것이 아니요 내가 너희를 택하여 세웠나니 이는 너희로 가서 열매를 맺게 하고 또 너희 열매가 항상 있게 하여 내 이름으로 아버지께 무엇을 구하든지 다 받게 하려 함이라
4-20	로마서 8장 26-27절	이와 같이 성령도 우리의 연약함을 도우시나니 우리는 마땅히 기도할 바를 알지 못하나 오직 성령이 말할 수 없는 탄식으로 우리를 위하여 친히 간구하시느니라개행마음을 살피시는 이가 성령의 생각을 아시나니 이는 성령이 하나님의 뜻대로 성도를 위하여 간구하심이니라
4-21	에베소서 3장 20절	우리 가운데서 역사하시는 능력대로 우리가 구하거나 생각하는 모든 것에 더 넘치도록 능히 하실 이에게
4-22	빌립보서 4장 4-7절	주 안에서 항상 기뻐하라 내가 다시 말하노니 기뻐하라개행너희 관용을 모든 사람에게 알게 하라 주께서 가까우시니라개행아무 것도 염려하지 말고 다만 모든 일에 기도와 간구로, 너희 구할 것을 감사함으로 하나님께 아뢰라개행그리하면 모든 지각에 뛰어난 하나님의 평강이 그리스도 예수 안에서 너희 마음과 생각을 지키시리라
4-23	골로새서 4장 2-3절	기도를 계속하고 기도에 감사함으로 깨어 있으라개행또한 우리를 위하여 기도하되 하나님이 전도할 문을 우리에게 열어 주사 그리스도의 비밀을 말하게 하시기를 구하라 내가 이 일 때문에 매임을 당하였노라
4-24	데살로니가전서 5장 16-18절	항상 기뻐하라개행쉬지 말고 기도하라개행범사에 감사하라 이것이 그리스도 예수 안에서 너희를 향하신 하나님의 뜻이니라
4-25	디모데전서 2장 1-2절	그러므로 내가 첫째로 권하노니 모든 사람을 위하여 간구와 기도와 도고와 감사를 하되개행임금들과 높은 지위에 있는 모든 사람을 위하여 하라 이는 우리가 모든 경건과 단정함으로 고요하고 평안한 생활을 하려 함이라
4-26	히브리서 5장 7절	그는 육체에 계실 때에 자기를 죽음에서 능히 구원하실 이에게 심한 통곡과 눈물로 간구와 소원을 올렸고 그의 경건하심으로 말미암아 들으심을 얻었느니라
4-27	야고보서 1장 5-6절	너희 중에 누구든지 지혜가 부족하거든 모든 사람에게 후히 주시고 꾸짖지 아니하시는 하나님께 구하라 그리하면 주시리라개행오직 믿음으로 구하고 조금도 의심하지 말라 의심하는 자는 마치 바람에 밀려 요동하는 바다 물결 같으니
4-28	야고보서 5장 13-15절	너희 중에 고난 당하는 자가 있느냐 그는 기도할 것이요 즐거워하는 자가 있느냐 그는 찬송할지니라개행너희 중에 병든 자가 있느냐 그는 교회의 장로들을 청할 것이요 그들은 주의 이름으로 기름을 바르며 그를 위하여 기도할지니라개행믿음의 기도는 병든 자를 구원하리니 주께서 그를 일으키시리라 혹시 죄를 범하였을지라도 사하심을 받으리라
4-29	베드로전서 4장 7절	만물의 마지막이 가까이 왔으니 그러므로 너희는 정신을 차리고 근신하여 기도하라
4-30	요한일서 5장 14-15절	그를 향하여 우리가 가진 바 담대함이 이것이니 그의 뜻대로 무엇을 구하면 들으심이라개행우리가 무엇이든지 구하는 바를 들으시는 줄을 안즉 우리가 그에게 구한 그것을 얻은 줄을 또한 아느니라
5-1	시편 133편 1-3절	보라 형제가 연합하여 동거함이 어찌 그리 선하고 아름다운고개행머리에 있는 보배로운 기름이 수염 곧 아론의 수염에 흘러서 그의 옷깃까지 내림 같고개행헐몬의 이슬이 시온의 산들에 내림 같도다 거기서 여호와께서 복을 명령하셨나니 곧 영생이로다
5-2	잠언 3장 5-7절	너는 마음을 다하여 여호와를 신뢰하고 네 명철을 의지하지 말라개행너는 범사에 그를 인정하라 그리하면 네 길을 지도하시리라개행스스로 지혜롭게 여기지 말지어다 여호와를 경외하며 악을 떠날지어다
5-3	이사야 41장 10절	두려워하지 말라 내가 너와 함께 함이라 놀라지 말라 나는 네 하나님이 됨이라 내가 너를 굳세게 하리라 참으로 너를 도와 주리라 참으로 나의 의로운 오른손으로 너를 붙들리라
5-4	마태복음 20장 27-28절	너희 중에 누구든지 으뜸이 되고자 하는 자는 너희의 종이 되어야 하리라개행인자가 온 것은 섬김을 받으려 함이 아니라 도리어 섬기려 하고 자기 목숨을 많은 사람의 대속물로 주려 함이니라
5-5	로마서 6장 12-13절	그러므로 너희는 죄가 너희 죽을 몸을 지배하지 못하게 하여 몸의 사욕에 순종하지 말고개행또한 너희 지체를 불의의 무기로 죄에게 내주지 말고 오직 너희 자신을 죽은 자 가운데서 다시 살아난 자 같이 하나님께 드리며 너희 지체를 의의 무기로 하나님께 드리라
5-6	로마서 8장 9절	만일 너희 속에 하나님의 영이 거하시면 너희가 육신에 있지 아니하고 영에 있나니 누구든지 그리스도의 영이 없으면 그리스도의 사람이 아니라
5-7	로마서 12장 4-5절	우리가 한 몸에 많은 지체를 가졌으나 모든 지체가 같은 기능을 가진 것이 아니니개행이와 같이 우리 많은 사람이 그리스도 안에서 한 몸이 되어 서로 지체가 되었느니라
5-8	고린도전서 1장 9절	너희를 불러 그의 아들 예수 그리스도 우리 주와 더불어 교제하게 하시는 하나님은 미쁘시도다
5-9	고린도전서 15장 58절	그러므로 내 사랑하는 형제들아 견실하며 흔들리지 말고 항상 주의 일에 더욱 힘쓰는 자들이 되라 이는 너희 수고가 주 안에서 헛되지 않은 줄 앎이라
5-10	고린도후서 2장 14-15절	육에 속한 사람은 하나님의 성령의 일들을 받지 아니하나니 이는 그것들이 그에게는 어리석게 보임이요, 또 그는 그것들을 알 수도 없나니 그러한 일은 영적으로 분별되기 때문이라개행신령한 자는 모든 것을 판단하나 자기는 아무에게도 판단을 받지 아니하느니라
5-11	고린도후서 4장 10절	우리가 항상 예수의 죽음을 몸에 짊어짐은 예수의 생명이 또한 우리 몸에 나타나게 하려 함이라
5-12	갈라디아서 5장 13절	형제들아 너희가 자유를 위하여 부르심을 입었으나 그러나 그 자유로 육체의 기회를 삼지 말고 오직 사랑으로 서로 종 노릇 하라
5-13	에베소서 4장 15-16절	오직 사랑 안에서 참된 것을 하여 범사에 그에게까지 자랄지라 그는 머리니 곧 그리스도라개행그에게서 온 몸이 각 마디를 통하여 도움을 받음으로 연결되고 결합되어 각 지체의 분량대로 역사하여 그 몸을 자라게 하며 사랑 안에서 스스로 세우느니라
5-14	빌립보서 2장 12-14절	그 때에 너희는 그리스도 밖에 있었고 이스라엘 나라 밖의 사람이라 약속의 언약들에 대하여는 외인이요 세상에서 소망이 없고 하나님도 없는 자이더니개행이제는 전에 멀리 있던 너희가 그리스도 예수 안에서 그리스도의 피로 가까워졌느니라개행그는 우리의 화평이신지라 둘로 하나를 만드사 원수 된 것 곧 중간에 막힌 담을 자기 육체로 허시고
5-15	데살로니가전서 5장 14-15절	또 형제들아 너희를 권면하노니 게으른 자들을 권계하며 마음이 약한 자들을 격려하고 힘이 없는 자들을 붙들어 주며 모든 사람에게 오래 참으라개행삼가 누가 누구에게든지 악으로 악을 갚지 말게 하고 서로 대하든지 모든 사람을 대하든지 항상 선을 따르라
5-16	히브리서 10장 9절	그 후에 말씀하시기를 보시옵소서 내가 하나님의 뜻을 행하러 왔나이다 하셨으니 그 첫째 것을 폐하심은 둘째 것을 세우려 하심이라
5-17	야고보서 4장 4절	간음한 여인들아 세상과 벗된 것이 하나님과 원수 됨을 알지 못하느냐 그런즉 누구든지 세상과 벗이 되고자 하는 자는 스스로 하나님과 원수 되는 것이니라
5-18	야고보서 4장 8절	하나님을 가까이하라 그리하면 너희를 가까이하시리라 죄인들아 손을 깨끗이 하라 두 마음을 품은 자들아 마음을 성결하게 하라
5-19	요한일서 1장 3절	우리가 보고 들은 바를 너희에게도 전함은 너희로 우리와 사귐이 있게 하려 함이니 우리의 사귐은 아버지와 그의 아들 예수 그리스도와 더불어 누림이라
5-20	요한일서 1장 6-7절	만일 우리가 하나님과 사귐이 있다 하고 어둠에 행하면 거짓말을 하고 진리를 행하지 아니함이거니와개행그가 빛 가운데 계신 것 같이 우리도 빛 가운데 행하면 우리가 서로 사귐이 있고 그 아들 예수의 피가 우리를 모든 죄에서 깨끗하게 하실 것이요
5-21	말라기 3장 10절	만군의 여호와가 이르노라 너희의 온전한 십일조를 창고에 들여 나의 집에 양식이 있게 하고 그것으로 나를 시험하여 내가 하늘 문을 열고 너희에게 복을 쌓을 곳이 없도록 붓지 아니하나 보라
5-22	마태복음 10장 32-33절	이는 다 이방인들이 구하는 것이라 너희 하늘 아버지께서 이 모든 것이 너희에게 있어야 할 줄을 아시느니라개행그런즉 너희는 먼저 그의 나라와 그의 의를 구하라 그리하면 이 모든 것을 너희에게 더하시리라
5-23	사도행전 4장 19-20절	베드로와 요한이 대답하여 이르되 하나님 앞에서 너희의 말을 듣는 것이 하나님의 말씀을 듣는 것보다 옳은가 판단하라개행우리는 보고 들은 것을 말하지 아니할 수 없다 하니
5-24	로마서 6장 1-2절	그런즉 우리가 무슨 말을 하리요 은혜를 더하게 하려고 죄에 거하겠느냐개행그럴 수 없느니라 죄에 대하여 죽은 우리가 어찌 그 가운데 더 살리요
5-25	로마서 8장 12-14절	그러므로 형제들아 우리가 빚진 자로되 육신에게 져서 육신대로 살 것이 아니니라개행너희가 육신대로 살면 반드시 죽을 것이로되 영으로써 몸의 행실을 죽이면 살리니개행무릇 하나님의 영으로 인도함을 받는 사람은 곧 하나님의 아들이라
5-26	로마서 14장 7-8절	우리 중에 누구든지 자기를 위하여 사는 자가 없고 자기를 위하여 죽는 자도 없도다개행우리가 살아도 주를 위하여 살고 죽어도 주를 위하여 죽나니 그러므로 사나 죽으나 우리가 주의 것이로다
5-27	고린도전서 6장 19-20절	너희 몸은 너희가 하나님께로부터 받은 바 너희 가운데 계신 성령의 전인 줄을 알지 못하느냐 너희는 너희 자신의 것이 아니라개행값으로 산 것이 되었으니 그런즉 너희 몸으로 하나님께 영광을 돌리라
5-28	고린도전서 10장 33절	나와 같이 모든 일에 모든 사람을 기쁘게 하여 자신의 유익을 구하지 아니하고 많은 사람의 유익을 구하여 그들로 구원을 받게 하라
5-29	에베소서 4장 22-24절	너희는 유혹의 욕심을 따라 썩어져 가는 구습을 따르는 옛 사람을 벗어 버리고개행오직 너희의 심령이 새롭게 되어개행하나님을 따라 의와 진리의 거룩함으로 지으심을 받은 새 사람을 입으라
5-30	에베소서 5장 8-10절	너희가 전에는 어둠이더니 이제는 주 안에서 빛이라 빛의 자녀들처럼 행하라개행빛의 열매는 모든 착함과 의로움과 진실함에 있느니라개행주를 기쁘시게 할 것이 무엇인가 시험하여 보라
5-31	히브리서 12장 8-9절	징계는 다 받는 것이거늘 너희에게 없으면 사생자요 친아들이 아니니라개행또 우리 육신의 아버지가 우리를 징계하여도 공경하였거든 하물며 모든 영의 아버지께 더욱 복종하며 살려 하지 않겠느냐
6-1	요한복음 14장 1-3절	너희는 마음에 근심하지 말라 하나님을 믿으니 또 나를 믿으라개행내 아버지 집에 거할 곳이 많도다 그렇지 않으면 너희에게 일렀으리라 내가 너희를 위하여 거처를 예비하러 가노니개행가서 너희를 위하여 거처를 예비하면 내가 다시 와서 너희를 내게로 영접하여 나 있는 곳에 너희도 있게 하리라
6-2	사도행전 24장 15절	그들이 기다리는 바 하나님께 향한 소망을 나도 가졌으니 곧 의인과 악인의 부활이 있으리라 함이니이다
6-3	로마서 5장 5-6절	소망이 우리를 부끄럽게 하지 아니함은 우리에게 주신 성령으로 말미암아 하나님의 사랑이 우리 마음에 부은 바 됨이니개행우리가 아직 연약할 때에 기약대로 그리스도께서 경건하지 않은 자를 위하여 죽으셨도다
6-4	로마서 8장 22-23절	피조물이 다 이제까지 함께 탄식하며 함께 고통을 겪고 있는 것을 우리가 아느니라개행그뿐 아니라 또한 우리 곧 성령의 처음 익은 열매를 받은 우리까지도 속으로 탄식하여 양자 될 것 곧 우리 몸의 속량을 기다리느니라
6-5	로마서 15장 4절	무엇이든지 전에 기록된 바는 우리의 교훈을 위하여 기록된 것이니 우리로 하여금 인내로 또는 성경의 위로로 소망을 가지게 함이니라
6-6	고린도전서 9장 25절	이기기를 다투는 자마다 모든 일에 절제하나니 그들은 썩을 승리자의 관을 얻고자 하되 우리는 썩지 아니할 것을 얻고자 하노라
6-7	고린도후서 4장 17-18절	우리가 잠시 받는 환난의 경한 것이 지극히 크고 영원한 영광의 중한 것을 우리에게 이루게 함이니개행우리가 주목하는 것은 보이는 것이 아니요 보이지 않는 것이니 보이는 것은 잠깐이요 보이지 않는 것은 영원함이라
6-8	베드로전서 1장 3-4절	우리 주 예수 그리스도의 아버지 하나님을 찬송하리로다 그의 많으신 긍휼대로 예수 그리스도를 죽은 자 가운데서 부활하게 하심으로 말미암아 우리를 거듭나게 하사 산 소망이 있게 하시며개행썩지 않고 더럽지 않고 쇠하지 아니하는 유업을 잇게 하시나니 곧 너희를 위하여 하늘에 간직하신 것이라
6-9	베드로전서 3장 15-16절	너희 마음에 그리스도를 주로 삼아 거룩하게 하고 너희 속에 있는 소망에 관한 이유를 묻는 자에게는 대답할 것을 항상 준비하되 온유와 두려움으로 하고개행선한 양심을 가지라 이는 그리스도 안에 있는 너희의 선행을 욕하는 자들로 그 비방하는 일에 부끄러움을 당하게 하려 함이라
6-10	요한일서 3장 2-3절	사랑하는 자들아 우리가 지금은 하나님의 자녀라 장래에 어떻게 될지는 아직 나타나지 아니하였으나 그가 나타나시면 우리가 그와 같을 줄을 아는 것은 그의 참모습 그대로 볼 것이기 때문이니개행주를 향하여 이 소망을 가진 자마다 그의 깨끗하심과 같이 자기를 깨끗하게 하느니라
6-11	시편 91편 14-15절	하나님이 이르시되 그가 나를 사랑한즉 내가 그를 건지리라 그가 내 이름을 안즉 내가 그를 높이리라개행그가 내게 간구하리니 내가 그에게 응답하리라 그들이 환난 당할 때에 내가 그와 함께 하여 그를 건지고 영화롭게 하리라
6-12	잠언 8장 17절	나를 사랑하는 자들이 나의 사랑을 입으며 나를 간절히 찾는 자가 나를 만날 것이니라
6-13	아가 8장 6-7절	너는 나를 도장 같이 마음에 품고 도장 같이 팔에 두라 사랑은 죽음 같이 강하고 질투는 스올 같이 잔인하며 불길 같이 일어나니 그 기세가 여호와의 불과 같으니라개행많은 물도 이 사랑을 끄지 못하겠고 홍수라도 삼키지 못하나니 사람이 그의 온 가산을 다 주고 사랑과 바꾸려 할지라도 오히려 멸시를 받으리라
6-14	마태복음 22장 37-40절	예수께서 이르시되 네 마음을 다하고 목숨을 다하고 뜻을 다하여 주 너의 하나님을 사랑하라 하셨으니개행이것이 크고 첫째 되는 계명이요개행둘째도 그와 같으니 네 이웃을 네 자신 같이 사랑하라 하셨으니개행이 두 계명이 온 율법과 선지자의 강령이니라
6-15	마가복음 12장 33절	또 마음을 다하고 지혜를 다하고 힘을 다하여 하나님을 사랑하는 것과 또 이웃을 자기 자신과 같이 사랑하는 것이 전체로 드리는 모든 번제물과 기타 제물보다 나으니이다
6-16	요한복음 13장 34-35절	새 계명을 너희에게 주노니 서로 사랑하라 내가 너희를 사랑한 것 같이 너희도 서로 사랑하라개행너희가 서로 사랑하면 이로써 모든 사람이 너희가 내 제자인 줄 알리라
6-17	요한복음 14장 21절	나의 계명을 지키는 자라야 나를 사랑하는 자니 나를 사랑하는 자는 내 아버지께 사랑을 받을 것이요 나도 그를 사랑하여 그에게 나를 나타내리라
6-18	요한복음 15장 9절	아버지께서 나를 사랑하신 것 같이 나도 너희를 사랑하였으니 나의 사랑 안에 거하라
6-19	요한복음 15장 12-13절	내 계명은 곧 내가 너희를 사랑한 것 같이 너희도 서로 사랑하라 하는 이것이니라개행사람이 친구를 위하여 자기 목숨을 버리면 이보다 더 큰 사랑이 없나니
6-20	로마서 8장 38-39절	내가 확신하노니 사망이나 생명이나 천사들이나 권세자들이나 현재 일이나 장래 일이나 능력이나개행높음이나 깊음이나 다른 어떤 피조물이라도 우리를 우리 주 그리스도 예수 안에 있는 하나님의 사랑에서 끊을 수 없으리라
6-21	로마서 13장 8절	피차 사랑의 빚 외에는 아무에게든지 아무 빚도 지지 말라 남을 사랑하는 자는 율법을 다 이루었느니라
6-22	로마서 13장 10절	사랑은 이웃에게 악을 행하지 아니하나니 그러므로 사랑은 율법의 완성이니라
6-23	고린도전서 13장 1-3절	내가 사람의 방언과 천사의 말을 할지라도 사랑이 없으면 소리 나는 구리와 울리는 꽹과리가 되고개행내가 예언하는 능력이 있어 모든 비밀과 모든 지식을 알고 또 산을 옮길 만한 모든 믿음이 있을지라도 사랑이 없으면 내가 아무 것도 아니요개행내가 내게 있는 모든 것으로 구제하고 또 내 몸을 불사르게 내줄지라도 사랑이 없으면 내게 아무 유익이 없느니라
6-24	고린도전서 13장 4-7절	사랑은 오래 참고 사랑은 온유하며 시기하지 아니하며 사랑은 자랑하지 아니하며 교만하지 아니하며개행무례히 행하지 아니하며 자기의 유익을 구하지 아니하며 성내지 아니하며 악한 것을 생각하지 아니하며개행불의를 기뻐하지 아니하며 진리와 함께 기뻐하고개행모든 것을 참으며 모든 것을 믿으며 모든 것을 바라며 모든 것을 견디느니라
6-25	고린도전서 13장 12-13절	우리가 지금은 거울로 보는 것 같이 희미하나 그 때에는 얼굴과 얼굴을 대하여 볼 것이요 지금은 내가 부분적으로 아나 그 때에는 주께서 나를 아신 것 같이 내가 온전히 알리라개행그런즉 믿음, 소망, 사랑, 이 세 가지는 항상 있을 것인데 그 중의 제일은 사랑이라
6-26	에베소서 3장 17-19절	믿음으로 말미암아 그리스도께서 너희 마음에 계시게 하시옵고 너희가 사랑 가운데서 뿌리가 박히고 터가 굳어져서개행능히 모든 성도와 함께 지식에 넘치는 그리스도의 사랑을 알고개행그 너비와 길이와 높이와 깊이가 어떠함을 깨달아 하나님의 모든 충만하신 것으로 너희에게 충만하게 하시기를 구하노라
6-27	베드로전서 4장 8절	무엇보다도 뜨겁게 서로 사랑할지니 사랑은 허다한 죄를 덮느니라
6-28	요한일서 3장 18절	자녀들아 우리가 말과 혀로만 사랑하지 말고 행함과 진실함으로 하자
6-29	요한일서 4장 7-8절	사랑하는 자들아 우리가 서로 사랑하자 사랑은 하나님께 속한 것이니 사랑하는 자마다 하나님으로부터 나서 하나님을 알고개행사랑하지 아니하는 자는 하나님을 알지 못하나니 이는 하나님은 사랑이심이라
6-30	요한일서 4장 11절	사랑하는 자들아 하나님이 이같이 우리를 사랑하셨은즉 우리도 서로 사랑하는 것이 마땅하도다
7-1	로마서 3장 24절	그리스도 예수 안에 있는 속량으로 말미암아 하나님의 은혜로 값 없이 의롭다 하심을 얻은 자 되었느니라
7-2	로마서 8장 35-37절	누가 우리를 그리스도의 사랑에서 끊으리요 환난이나 곤고나 박해나 기근이나 적신이나 위험이나 칼이랴개행기록된 바 우리가 종일 주를 위하여 죽임을 당하게 되며 도살 당할 양 같이 여김을 받았나이다 함과 같으니라개행그러나 이 모든 일에 우리를 사랑하시는 이로 말미암아 우리가 넉넉히 이기느니라
7-3	로마서 11장 6절	만일 은혜로 된 것이면 행위로 말미암지 않음이니 그렇지 않으면 은혜가 은혜 되지 못하느니라
7-4	고린도전서 12장 4-7절	은사는 여러 가지나 성령은 같고개행직분은 여러 가지나 주는 같으며개행또 사역은 여러 가지나 모든 것을 모든 사람 가운데서 이루시는 하나님은 같으니개행각 사람에게 성령을 나타내심은 유익하게 하려 하심이라
7-5	고린도후서 6장 2절	이르시되 내가 은혜 베풀 때에 너에게 듣고 구원의 날에 너를 도왔다 하셨으니 보라 지금은 은혜 받을 만한 때요 보라 지금은 구원의 날이로다
7-6	고린도후서 8장 9절	우리 주 예수 그리스도의 은혜를 너희가 알거니와 부요하신 이로서 너희를 위하여 가난하게 되심은 그의 가난함으로 말미암아 너희를 부요하게 하려 하심이라
7-7	에베소서 2장 8-9절	너희는 그 은혜에 의하여 믿음으로 말미암아 구원을 받았으니 이것은 너희에게서 난 것이 아니요 하나님의 선물이라개행행위에서 난 것이 아니니 이는 누구든지 자랑하지 못하게 함이라
7-8	빌립보서 4장 19절	나의 하나님이 그리스도 예수 안에서 영광 가운데 그 풍성한 대로 너희 모든 쓸 것을 채우시리라
7-9	디모데후서 1장 9절	하나님이 우리를 구원하사 거룩하신 소명으로 부르심은 우리의 행위대로 하심이 아니요 오직 자기의 뜻과 영원 전부터 그리스도 예수 안에서 우리에게 주신 은혜대로 하심이라
7-10	히브리서 4장 1-16절	그러므로 우리는 두려워할지니 그의 안식에 들어갈 약속이 남아 있을지라도 너희 중에는 혹 이르지 못할 자가 있을까 함이라개행그들과 같이 우리도 복음 전함을 받은 자이나 들은 바 그 말씀이 그들에게 유익하지 못한 것은 듣는 자가 믿음과 결부시키지 아니함이라개행이미 믿는 우리들은 저 안식에 들어가는도다 그가 말씀하신 바와 같으니 내가 노하여 맹세한 바와 같이 그들이 내 안식에 들어오지 못하리라 하셨다 하였으나 세상을 창조할 때부터 그 일이 이루어졌느니라개행제칠일에 관하여는 어딘가에 이렇게 일렀으되 하나님은 제칠일에 그의 모든 일을 쉬셨다 하였으며개행또 다시 거기에 그들이 내 안식에 들어오지 못하리라 하였으니개행그러면 거기에 들어갈 자들이 남아 있거니와 복음 전함을 먼저 받은 자들은 순종하지 아니함으로 말미암아 들어가지 못하였으므로개행오랜 후에 다윗의 글에 다시 어느 날을 정하여 오늘이라고 미리 이같이 일렀으되 오늘 너희가 그의 음성을 듣거든 너희 마음을 완고하게 하지 말라 하였나니개행만일 여호수아가 그들에게 안식을 주었더라면 그 후에 다른 날을 말씀하지 아니하셨으리라개행그런즉 안식할 때가 하나님의 백성에게 남아 있도다개행이미 그의 안식에 들어간 자는 하나님이 자기의 일을 쉬심과 같이 그도 자기의 일을 쉬느니라개행그러므로 우리가 저 안식에 들어가기를 힘쓸지니 이는 누구든지 저 순종하지 아니하는 본에 빠지지 않게 하려 함이라개행하나님의 말씀은 살아 있고 활력이 있어 좌우에 날선 어떤 검보다도 예리하여 혼과 영과 및 관절과 골수를 찔러 쪼개기까지 하며 또 마음의 생각과 뜻을 판단하나니개행지으신 것이 하나도 그 앞에 나타나지 않음이 없고 우리의 결산을 받으실 이의 눈 앞에 만물이 벌거벗은 것 같이 드러나느니라개행그러므로 우리에게 큰 대제사장이 계시니 승천하신 이 곧 하나님의 아들 예수시라 우리가 믿는 도리를 굳게 잡을지어다개행우리에게 있는 대제사장은 우리의 연약함을 동정하지 못하실 이가 아니요 모든 일에 우리와 똑같이 시험을 받으신 이로되 죄는 없으시니라개행그러므로 우리는 긍휼하심을 받고 때를 따라 돕는 은혜를 얻기 위하여 은혜의 보좌 앞에 담대히 나아갈 것이니라
7-11	야고보서 1장 16-17절	내 사랑하는 형제들아 속지 말라개행온갖 좋은 은사와 온전한 선물이 다 위로부터 빛들의 아버지께로부터 내려오나니 그는 변함도 없으시고 회전하는 그림자도 없으시니라
7-12	야고보서 4장 5-6절	너희는 하나님이 우리 속에 거하게 하신 성령이 시기하기까지 사모한다 하신 말씀을 헛된 줄로 생각하느냐개행그러나 더욱 큰 은혜를 주시나니 그러므로 일렀으되 하나님이 교만한 자를 물리치시고 겸손한 자에게 은혜를 주신다 하였느니라
7-13	베드로후서 3장 18절	오직 우리 주 곧 구주 예수 그리스도의 은혜와 그를 아는 지식에서 자라 가라 영광이 이제와 영원한 날까지 그에게 있을지어다
7-14	욥기 11장 18-19절	네가 희망이 있으므로 안전할 것이며 두루 살펴보고 평안히 쉬리라개행네가 누워도 두렵게 할 자가 없겠고 많은 사람이 네게 은혜를 구하리라
7-15	시편 4편 7-8절	주께서 내 마음에 두신 기쁨은 그들의 곡식과 새 포도주가 풍성할 때보다 더하니이다개행내가 평안히 눕고 자기도 하리니 나를 안전히 살게 하시는 이는 오직 여호와이시니이다
7-16	시편 23편 6절	내 평생에 선하심과 인자하심이 반드시 나를 따르리니 내가 여호와의 집에 영원히 살리로다
7-17	시편 119편 165절	주의 법을 사랑하는 자에게는 큰 평안이 있으니 그들에게 장애물이 없으리이다
7-18	잠언 14장 12-13절	어떤 길은 사람이 보기에 바르나 필경은 사망의 길이니라개행웃을 때에도 마음에 슬픔이 있고 즐거움의 끝에도 근심이 있느니라
7-19	전도서 5장 10절	은을 사랑하는 자는 은으로 만족하지 못하고 풍요를 사랑하는 자는 소득으로 만족하지 아니하나니 이것도 헛되도다
7-20	이사야 26장 3절	주께서 심지가 견고한 자를 평강하고 평강하도록 지키시리니 이는 그가 주를 신뢰함이니이다
7-21	마태복음 11장 28-30절	수고하고 무거운 짐 진 자들아 다 내게로 오라 내가 너희를 쉬게 하리라개행나는 마음이 온유하고 겸손하니 나의 멍에를 메고 내게 배우라 그리하면 너희 마음이 쉼을 얻으리니개행이는 내 멍에는 쉽고 내 짐은 가벼움이라 하시니라
7-22	요한복음 14장 27절	평안을 너희에게 끼치노니 곧 나의 평안을 너희에게 주노라 내가 너희에게 주는 것은 세상이 주는 것과 같지 아니하니라 너희는 마음에 근심하지도 말고 두려워하지도 말라
7-23	로마서 14장 17절	하나님의 나라는 먹는 것과 마시는 것이 아니요 오직 성령 안에 있는 의와 평강과 희락이라
7-24	빌립보서 4장 7절	그리하면 모든 지각에 뛰어난 하나님의 평강이 그리스도 예수 안에서 너희 마음과 생각을 지키시리라
7-25	골로새서 3장 15절	그리스도의 평강이 너희 마음을 주장하게 하라 너희는 평강을 위하여 한 몸으로 부르심을 받았나니 너희는 또한 감사하는 자가 되라
7-26	데살로니가후서 3장 16절	평강의 주께서 친히 때마다 일마다 너희에게 평강을 주시고 주께서 너희 모든 사람과 함께 하시기를 원하노라
7-27	다니엘 12장 2-3절	땅의 티끌 가운데에서 자는 자 중에서 많은 사람이 깨어나 영생을 받는 자도 있겠고 수치를 당하여서 영원히 부끄러움을 당할 자도 있을 것이며개행지혜 있는 자는 궁창의 빛과 같이 빛날 것이요 많은 사람을 옳은 데로 돌아오게 한 자는 별과 같이 영원토록 빛나리라
7-28	마태복음 7장 13-14절	좁은 문으로 들어가라 멸망으로 인도하는 문은 크고 그 길이 넓어 그리로 들어가는 자가 많고개행생명으로 인도하는 문은 좁고 길이 협착하여 찾는 자가 적음이라
7-29	요한복음 3장 16절	하나님이 세상을 이처럼 사랑하사 독생자를 주셨으니 이는 그를 믿는 자마다 멸망하지 않고 영생을 얻게 하려 하심이라
7-30	요한복음 4장 14절	내가 주는 물을 마시는 자는 영원히 목마르지 아니하리니 내가 주는 물은 그 속에서 영생하도록 솟아나는 샘물이 되리라
7-31	요한복음 5장 24절	내가 진실로 진실로 너희에게 이르노니 내 말을 듣고 또 나 보내신 이를 믿는 자는 영생을 얻었고 심판에 이르지 아니하나니 사망에서 생명으로 옮겼느니라
8-1	요한복음 6장 35절	예수께서 이르시되 나는 생명의 떡이니 내게 오는 자는 결코 주리지 아니할 터이요 나를 믿는 자는 영원히 목마르지 아니하리라
8-2	요한복음 6장 40절	내 아버지의 뜻은 아들을 보고 믿는 자마다 영생을 얻는 이것이니 마지막 날에 내가 이를 다시 살리리라 하시니라
8-3	요한복음 10장 28-29절	내가 그들에게 영생을 주노니 영원히 멸망하지 아니할 것이요 또 그들을 내 손에서 빼앗을 자가 없느니라개행그들을 주신 내 아버지는 만물보다 크시매 아무도 아버지 손에서 빼앗을 수 없느니라
8-4	요한복음 11장 25-26절	예수께서 이르시되 나는 부활이요 생명이니 나를 믿는 자는 죽어도 살겠고개행무릇 살아서 나를 믿는 자는 영원히 죽지 아니하리니 이것을 네가 믿느냐
8-5	요한복음 17장 3절	영생은 곧 유일하신 참 하나님과 그가 보내신 자 예수 그리스도를 아는 것이니이다
8-6	로마서 6장 23절	죄의 삯은 사망이요 하나님의 은사는 그리스도 예수 우리 주 안에 있는 영생이니라
8-7	갈라디아서 6장 7-8절	스스로 속이지 말라 하나님은 업신여김을 받지 아니하시나니 사람이 무엇으로 심든지 그대로 거두리라개행자기의 육체를 위하여 심는 자는 육체로부터 썩어질 것을 거두고 성령을 위하여 심는 자는 성령으로부터 영생을 거두리라
8-8	디도서 3장 7절	우리로 그의 은혜를 힘입어 의롭다 하심을 얻어 영생의 소망을 따라 상속자가 되게 하려 하심이라
8-9	요한일서 5장 13절	내가 하나님의 아들의 이름을 믿는 너희에게 이것을 쓰는 것은 너희로 하여금 너희에게 영생이 있음을 알게 하려 함이라
8-10	시편 139편 7-8절	내가 주의 영을 떠나 어디로 가며 주의 앞에서 어디로 피하리이까개행내가 하늘에 올라갈지라도 거기 계시며 스올에 내 자리를 펼지라도 거기 계시니이다
8-11	스바냐 3장 17절	너의 하나님 여호와가 너의 가운데에 계시니 그는 구원을 베푸실 전능자이시라 그가 너로 말미암아 기쁨을 이기지 못하시며 너를 잠잠히 사랑하시며 너로 말미암아 즐거이 부르며 기뻐하시리라 하리라
8-12	마태복음 12장 31-32절	그러므로 내가 너희에게 이르노니 사람에 대한 모든 죄와 모독은 사하심을 얻되 성령을 모독하는 것은 사하심을 얻지 못하겠고개행또 누구든지 말로 인자를 거역하면 사하심을 얻되 누구든지 말로 성령을 거역하면 이 세상과 오는 세상에서도 사하심을 얻지 못하리라
8-13	요한복음 14장 26절	보혜사 곧 아버지께서 내 이름으로 보내실 성령 그가 너희에게 모든 것을 가르치고 내가 너희에게 말한 모든 것을 생각나게 하리라
8-14	요한복음 16장 13절	그러나 진리의 성령이 오시면 그가 너희를 모든 진리 가운데로 인도하시리니 그가 스스로 말하지 않고 오직 들은 것을 말하며 장래 일을 너희에게 알리시리라
8-15	사도행전 1장 8절	오직 성령이 너희에게 임하시면 너희가 권능을 받고 예루살렘과 온 유대와 사마리아와 땅 끝까지 이르러 내 증인이 되리라 하시니라
8-16	사도행전 2장 38절	베드로가 이르되 너희가 회개하여 각각 예수 그리스도의 이름으로 세례를 받고 죄 사함을 받으라 그리하면 성령의 선물을 받으리니
8-17	로마서 8장 9절	만일 너희 속에 하나님의 영이 거하시면 너희가 육신에 있지 아니하고 영에 있나니 누구든지 그리스도의 영이 없으면 그리스도의 사람이 아니라
8-18	로마서 14-16절	무릇 하나님의 영으로 인도함을 받는 사람은 곧 하나님의 아들이라개행너희는 다시 무서워하는 종의 영을 받지 아니하고 양자의 영을 받았으므로 우리가 아빠 아버지라고 부르짖느니라개행성령이 친히 우리의 영과 더불어 우리가 하나님의 자녀인 것을 증언하시나니
8-19	로마서 9장 1절	내가 그리스도 안에서 참말을 하고 거짓말을 아니하노라 나에게 큰 근심이 있는 것과 마음에 그치지 않는 고통이 있는 것을 내 양심이 성령 안에서 나와 더불어 증언하노니
8-20	고린도전서 2장 10절	오직 하나님이 성령으로 이것을 우리에게 보이셨으니 성령은 모든 것 곧 하나님의 깊은 것까지도 통달하시느니라
8-21	고린도전서 2장 12절	우리가 세상의 영을 받지 아니하고 오직 하나님으로부터 온 영을 받았으니 이는 우리로 하여금 하나님께서 우리에게 은혜로 주신 것들을 알게 하려 하심이라
8-22	고린도후서 13장 5절	너희는 믿음 안에 있는가 너희 자신을 시험하고 너희 자신을 확증하라 예수 그리스도께서 너희 안에 계신 줄을 너희가 스스로 알지 못하느냐 그렇지 않으면 너희는 버림 받은 자니라
8-23	갈라디아서 2장 20절	내가 그리스도와 함께 십자가에 못 박혔나니 그런즉 이제는 내가 사는 것이 아니요 오직 내 안에 그리스도께서 사시는 것이라 이제 내가 육체 가운데 사는 것은 나를 사랑하사 나를 위하여 자기 자신을 버리신 하나님의 아들을 믿는 믿음 안에서 사는 것이라
8-24	갈라디아서 5장 22-23절	오직 성령의 열매는 사랑과 희락과 화평과 오래 참음과 자비와 양선과 충성과개행온유와 절제니 이같은 것을 금지할 법이 없느니라
8-25	에베소서 1장 13절	그 안에서 너희도 진리의 말씀 곧 너희의 구원의 복음을 듣고 그 안에서 또한 믿어 약속의 성령으로 인치심을 받았으니
8-26	빌립보서 2장 13절	너희 안에서 행하시는 이는 하나님이시니 자기의 기쁘신 뜻을 위하여 너희에게 소원을 두고 행하게 하시나니
8-27	베드로전서 4장 14절	너희가 그리스도의 이름으로 치욕을 당하면 복 있는 자로다 영광의 영 곧 하나님의 영이 너희 위에 계심이라
8-28	잠언 1장 7절	여호와를 경외하는 것이 지식의 근본이거늘 미련한 자는 지혜와 훈계를 멸시하느니라
8-29	마태복음 17장 20절	이르시되 너희 믿음이 작은 까닭이니라 진실로 너희에게 이르노니 만일 너희에게 믿음이 겨자씨 한 알 만큼만 있어도 이 산을 명하여 여기서 저기로 옮겨지라 하면 옮겨질 것이요 또 너희가 못할 것이 없으리라
8-30	마가복음 9장 23절	예수께서 이르시되 할 수 있거든이 무슨 말이냐 믿는 자에게는 능히 하지 못할 일이 없느니라 하시니
8-31	마가복음 11장 22-24절	예수께서 그들에게 대답하여 이르시되 하나님을 믿으라개행내가 진실로 너희에게 이르노니 누구든지 이 산더러 들리어 바다에 던져지라 하며 그 말하는 것이 이루어질 줄 믿고 마음에 의심하지 아니하면 그대로 되리라개행그러므로 내가 너희에게 말하노니 무엇이든지 기도하고 구하는 것은 받은 줄로 믿으라 그리하면 너희에게 그대로 되리라
9-1	요한복음 20장 29절	예수께서 이르시되 너는 나를 본 고로 믿느냐 보지 못하고 믿는 자들은 복되도다 하시니라
9-2	로마서 1장 16-17절	내가 복음을 부끄러워하지 아니하노니 이 복음은 모든 믿는 자에게 구원을 주시는 하나님의 능력이 됨이라 먼저는 유대인에게요 그리고 헬라인에게로다개행복음에는 하나님의 의가 나타나서 믿음으로 믿음에 이르게 하나니 기록된 바 오직 의인은 믿음으로 말미암아 살리라 함과 같으니라
9-3	로마서 5장 1-2절	그러므로 우리가 믿음으로 의롭다 하심을 받았으니 우리 주 예수 그리스도로 말미암아 하나님과 화평을 누리자개행또한 그로 말미암아 우리가 믿음으로 서 있는 이 은혜에 들어감을 얻었으며 하나님의 영광을 바라고 즐거워하느니라
9-4	로마서 10장 9-10절	네가 만일 네 입으로 예수를 주로 시인하며 또 하나님께서 그를 죽은 자 가운데서 살리신 것을 네 마음에 믿으면 구원을 받으리라개행사람이 마음으로 믿어 의에 이르고 입으로 시인하여 구원에 이르느니라
9-5	로마서 10장 17-18절	그러므로 믿음은 들음에서 나며 들음은 그리스도의 말씀으로 말미암았느니라개행그러나 내가 말하노니 그들이 듣지 아니하였느냐 그렇지 아니하니 그 소리가 온 땅에 퍼졌고 그 말씀이 땅 끝까지 이르렀도다 하였느니라
9-6	에베소서 6장 16절	모든 것 위에 믿음의 방패를 가지고 이로써 능히 악한 자의 모든 불화살을 소멸하고
9-7	히브리서 10장 38-39절	나의 의인은 믿음으로 말미암아 살리라 또한 뒤로 물러가면 내 마음이 그를 기뻐하지 아니하리라 하셨느니라개행우리는 뒤로 물러가 멸망할 자가 아니요 오직 영혼을 구원함에 이르는 믿음을 가진 자니라
9-8	히브리서 11장 1-3절	믿음은 바라는 것들의 실상이요 보이지 않는 것들의 증거니개행선진들이 이로써 증거를 얻었느니라개행믿음으로 모든 세계가 하나님의 말씀으로 지어진 줄을 우리가 아나니 보이는 것은 나타난 것으로 말미암아 된 것이 아니니라
9-9	히브리서 11장 6절	믿음이 없이는 하나님을 기쁘시게 하지 못하나니 하나님께 나아가는 자는 반드시 그가 계신 것과 또한 그가 자기를 찾는 자들에게 상 주시는 이심을 믿어야 할지니라
9-10	야고보서 1장 6절	오직 믿음으로 구하고 조금도 의심하지 말라 의심하는 자는 마치 바람에 밀려 요동하는 바다 물결 같으니
9-11	야고보서 2장 26절	영혼 없는 몸이 죽은 것 같이 행함이 없는 믿음은 죽은 것이니라
9-12	야고보서 5장 17-18절	엘리야는 우리와 성정이 같은 사람이로되 그가 비가 오지 않기를 간절히 기도한즉 삼 년 육 개월 동안 땅에 비가 오지 아니하고개행다시 기도하니 하늘이 비를 주고 땅이 열매를 맺었느니라
9-13	베드로전서 1장 7절	너희 믿음의 확실함은 불로 연단하여도 없어질 금보다 더 귀하여 예수 그리스도께서 나타나실 때에 칭찬과 영광과 존귀를 얻게 할 것이니라
9-14	베드로전서 1장 8-9절	예수를 너희가 보지 못하였으나 사랑하는도다 이제도 보지 못하나 믿고 말할 수 없는 영광스러운 즐거움으로 기뻐하니개행믿음의 결국 곧 영혼의 구원을 받음이라
9-15	요한일서 5장 4-5절	무릇 하나님께로부터 난 자마다 세상을 이기느니라 세상을 이기는 승리는 이것이니 우리의 믿음이니라개행예수께서 하나님의 아들이심을 믿는 자가 아니면 세상을 이기는 자가 누구냐
9-16	전도서 3장 1-8절	범사에 기한이 있고 천하 만사가 다 때가 있나니개행날 때가 있고 죽을 때가 있으며 심을 때가 있고 심은 것을 뽑을 때가 있으며개행죽일 때가 있고 치료할 때가 있으며 헐 때가 있고 세울 때가 있으며개행울 때가 있고 웃을 때가 있으며 슬퍼할 때가 있고 춤출 때가 있으며개행돌을 던져 버릴 때가 있고 돌을 거둘 때가 있으며 안을 때가 있고 안는 일을 멀리 할 때가 있으며개행찾을 때가 있고 잃을 때가 있으며 지킬 때가 있고 버릴 때가 있으며개행찢을 때가 있고 꿰맬 때가 있으며 잠잠할 때가 있고 말할 때가 있으며개행사랑할 때가 있고 미워할 때가 있으며 전쟁할 때가 있고 평화할 때가 있느니라
9-17	전도서 3장 11절	하나님이 모든 것을 지으시되 때를 따라 아름답게 하셨고 또 사람들에게는 영원을 사모하는 마음을 주셨느니라 그러나 하나님이 하시는 일의 시종을 사람으로 측량할 수 없게 하셨도다
9-18	마태복음 28장 18-20절	예수께서 나아와 말씀하여 이르시되 하늘과 땅의 모든 권세를 내게 주셨으니개행그러므로 너희는 가서 모든 민족을 제자로 삼아 아버지와 아들과 성령의 이름으로 세례를 베풀고개행내가 너희에게 분부한 모든 것을 가르쳐 지키게 하라 볼지어다 내가 세상 끝날까지 너희와 항상 함께 있으리라 하시니라
9-19	마가복음 16장 15-16절	또 이르시되 너희는 온 천하에 다니며 만민에게 복음을 전파하라개행믿고 세례를 받는 사람은 구원을 얻을 것이요 믿지 않는 사람은 정죄를 받으리라
9-20	사도행전 1장 6-8절	그들이 모였을 때에 예수께 여쭈어 이르되 주께서 이스라엘 나라를 회복하심이 이 때니이까 하니개행이르시되 때와 시기는 아버지께서 자기의 권한에 두셨으니 너희가 알 바 아니요개행오직 성령이 너희에게 임하시면 너희가 권능을 받고 예루살렘과 온 유대와 사마리아와 땅 끝까지 이르러 내 증인이 되리라 하시니라
9-21	로마서 1장 16-17절	내가 복음을 부끄러워하지 아니하노니 이 복음은 모든 믿는 자에게 구원을 주시는 하나님의 능력이 됨이라 먼저는 유대인에게요 그리고 헬라인에게로다개행복음에는 하나님의 의가 나타나서 믿음으로 믿음에 이르게 하나니 기록된 바 오직 의인은 믿음으로 말미암아 살리라 함과 같으니라
9-22	로마서 10장 13-15절	네가 만일 네 입으로 예수를 주로 시인하며 또 하나님께서 그를 죽은 자 가운데서 살리신 것을 네 마음에 믿으면 구원을 받으리라개행사람이 마음으로 믿어 의에 이르고 입으로 시인하여 구원에 이르느니라
9-23	고린도전서 9장 16절	내가 복음을 전할지라도 자랑할 것이 없음은 내가 부득불 할 일임이라 만일 복음을 전하지 아니하면 내게 화가 있을 것이로다
9-24	고린도후서 5장 13절	우리가 만일 미쳤어도 하나님을 위한 것이요 정신이 온전하여도 너희를 위한 것이니
9-25	디모데전서 2장 4절	하나님은 모든 사람이 구원을 받으며 진리를 아는 데에 이르기를 원하시느니라
9-26	디모데후서 4장 2절	너는 말씀을 전파하라 때를 얻든지 못 얻든지 항상 힘쓰라 범사에 오래 참음과 가르침으로 경책하며 경계하며 권하라
9-27	이사야 57장 1-2절	의인이 죽을지라도 마음에 두는 자가 없고 진실한 이들이 거두어 감을 당할지라도 깨닫는 자가 없도다 의인들은 악한 자들 앞에서 불리어가도다개행그들은 평안에 들어갔나니 바른 길로 가는 자들은 그들의 침상에서 편히 쉬리라
9-28	스가랴 14장 4절	그 날에 그의 발이 예루살렘 앞 곧 동쪽 감람 산에 서실 것이요 감람 산은 그 한 가운데가 동서로 갈라져 매우 큰 골짜기가 되어서 산 절반은 북으로, 절반은 남으로 옮기고
9-29	마태복음 24장 30절	그 때에 인자의 징조가 하늘에서 보이겠고 그 때에 땅의 모든 족속들이 통곡하며 그들이 인자가 구름을 타고 능력과 큰 영광으로 오는 것을 보리라
9-30	누가복음 17장 34-35절	내가 너희에게 이르노니 그 밤에 둘이 한 자리에 누워 있으매 하나는 데려감을 얻고 하나는 버려둠을 당할 것이요개행두 여자가 함께 맷돌을 갈고 있으매 하나는 데려감을 얻고 하나는 버려둠을 당할 것이니라
10-1	누가복음 21장 34절	너희는 스스로 조심하라 그렇지 않으면 방탕함과 술취함과 생활의 염려로 마음이 둔하여지고 뜻밖에 그 날이 덫과 같이 너희에게 임하리라
10-2	고린도전서 15장 51-52절	보라 내가 너희에게 비밀을 말하노니 우리가 다 잠 잘 것이 아니요 마지막 나팔에 순식간에 홀연히 다 변화되리니개행나팔 소리가 나매 죽은 자들이 썩지 아니할 것으로 다시 살아나고 우리도 변화되리라
10-3	빌립보서 3장 20-21절	그러나 우리의 시민권은 하늘에 있는지라 거기로부터 구원하는 자 곧 주 예수 그리스도를 기다리노니개행그는 만물을 자기에게 복종하게 하실 수 있는 자의 역사로 우리의 낮은 몸을 자기 영광의 몸의 형체와 같이 변하게 하시리라
10-4	데살로니가전서 4장 16-17절	주께서 호령과 천사장의 소리와 하나님의 나팔 소리로 친히 하늘로부터 강림하시리니 그리스도 안에서 죽은 자들이 먼저 일어나고개행그 후에 우리 살아 남은 자들도 그들과 함께 구름 속으로 끌어 올려 공중에서 주를 영접하게 하시리니 그리하여 우리가 항상 주와 함께 있으리라
10-5	데살로니가전서 5장 3절	그들이 평안하다, 안전하다 할 그 때에 임신한 여자에게 해산의 고통이 이름과 같이 멸망이 갑자기 그들에게 이르리니 결코 피하지 못하리라
10-6	데살로니가후서 1장 7-8절	환난을 받는 너희에게는 우리와 함께 안식으로 갚으시는 것이 하나님의 공의시니 주 예수께서 자기의 능력의 천사들과 함께 하늘로부터 불꽃 가운데에 나타나실 때에개행하나님을 모르는 자들과 우리 주 예수의 복음에 복종하지 않는 자들에게 형벌을 내리시리니
10-7	히브리서 9장 28절	이와 같이 그리스도도 많은 사람의 죄를 담당하시려고 단번에 드리신 바 되셨고 구원에 이르게 하기 위하여 죄와 상관 없이 자기를 바라는 자들에게 두 번째 나타나시리라
10-8	베드로후서 3장 10절	그러나 주의 날이 도둑 같이 오리니 그 날에는 하늘이 큰 소리로 떠나가고 물질이 뜨거운 불에 풀어지고 땅과 그 중에 있는 모든 일이 드러나리로다
10-9	요한계시록 1장 7절	볼지어다 그가 구름을 타고 오시리라 각 사람의 눈이 그를 보겠고 그를 찌른 자들도 볼 것이요 땅에 있는 모든 족속이 그로 말미암아 애곡하리니 그러하리라 아멘
10-10	요한계시록 16장 15절개행요한계시록 22장 20절	보라 내가 도둑 같이 오리니 누구든지 깨어 자기 옷을 지켜 벌거벗고 다니지 아니하며 자기의 부끄러움을 보이지 아니하는 자는 복이 있도다계:] 이것들을 증언하신 이가 이르시되 내가 진실로 속히 오리라 하시거늘 아멘 주 예수여 오시옵소서
10-11	시편 34편 18-19절	여호와는 마음이 상한 자를 가까이 하시고 충심으로 통회하는 자를 구원하시는도다개행의인은 고난이 많으나 여호와께서 그의 모든 고난에서 건지시는도다
10-12	요한복음 1장 12절	영접하는 자 곧 그 이름을 믿는 자들에게는 하나님의 자녀가 되는 권세를 주셨으니
10-13	요한복음 5장 24절	내가 진실로 진실로 너희에게 이르노니 내 말을 듣고 또 나 보내신 이를 믿는 자는 영생을 얻었고 심판에 이르지 아니하나니 사망에서 생명으로 옮겼느니라
10-14	사도행전 4장 12절	다른 이로써는 구원을 받을 수 없나니 천하 사람 중에 구원을 받을 만한 다른 이름을 우리에게 주신 일이 없음이라 하였더라
10-15	고린도전서 1장 18절	십자가의 도가 멸망하는 자들에게는 미련한 것이요 구원을 받는 우리에게는 하나님의 능력이라
10-16	고린도후서 5장 17절	그런즉 누구든지 그리스도 안에 있으면 새로운 피조물이라 이전 것은 지나갔으니 보라 새 것이 되었도다
10-17	골로새서 1장 6절	이 복음이 이미 너희에게 이르매 너희가 듣고 참으로 하나님의 은혜를 깨달은 날부터 너희 중에서와 같이 또한 온 천하에서도 열매를 맺어 자라는도다
10-18	디모데전서 1장 15절	미쁘다 모든 사람이 받을 만한 이 말이여 그리스도 예수께서 죄인을 구원하시려고 세상에 임하셨다 하였도다 죄인 중에 내가 괴수니라
10-19	디도서 3장 4-5절	우리 구주 하나님의 자비와 사람 사랑하심이 나타날 때에개행우리를 구원하시되 우리가 행한 바 의로운 행위로 말미암지 아니하고 오직 그의 긍휼하심을 따라 중생의 씻음과 성령의 새롭게 하심으로 하셨나니
10-20	베드로전서 1장 8-9절	예수를 너희가 보지 못하였으나 사랑하는도다 이제도 보지 못하나 믿고 말할 수 없는 영광스러운 즐거움으로 기뻐하니개행믿음의 결국 곧 영혼의 구원을 받음이라
10-21	베드로전서 1장 23절	너희가 거듭난 것은 썩어질 씨로 된 것이 아니요 썩지 아니할 씨로 된 것이니 살아 있고 항상 있는 하나님의 말씀으로 되었느니라
10-22	히브리서 2장 3-4절	우리가 이같이 큰 구원을 등한히 여기면 어찌 그 보응을 피하리요 이 구원은 처음에 주로 말씀하신 바요 들은 자들이 우리에게 확증한 바니개행하나님도 표적들과 기사들과 여러 가지 능력과 및 자기의 뜻을 따라 성령이 나누어 주신 것으로써 그들과 함께 증언하셨느니라
10-23	잠언 3장 11절	내 아들아 여호와의 징계를 경히 여기지 말라 그 꾸지람을 싫어하지 말라
10-24	잠언 3장 15절	지혜는 진주보다 귀하니 네가 사모하는 모든 것으로도 이에 비교할 수 없도다
10-25	잠언 3장 27-28절	네 손이 선을 베풀 힘이 있거든 마땅히 받을 자에게 베풀기를 아끼지 말며개행네게 있거든 이웃에게 이르기를 갔다가 다시 오라 내일 주겠노라 하지 말며
10-26	잠언 6장 6절	게으른 자여 개미에게 가서 그가 하는 것을 보고 지혜를 얻으라
10-27	잠언 10장 19절	말이 많으면 허물을 면하기 어려우나 그 입술을 제어하는 자는 지혜가 있느니라
10-28	잠언 18장 12절	사람의 마음의 교만은 멸망의 선봉이요 겸손은 존귀의 길잡이니라
10-29	잠언 19장 6절	너그러운 사람에게는 은혜를 구하는 자가 많고 선물 주기를 좋아하는 자에게는 사람마다 친구가 되느니라
10-30	잠언 22장 1절	많은 재물보다 명예를 택할 것이요 은이나 금보다 은총을 더욱 택할 것이니라
10-31	잠언 22장 26절	너는 사람과 더불어 손을 잡지 말며 남의 빚에 보증을 서지 말라
11-1	잠언 23장 20절	술을 즐겨 하는 자들과 고기를 탐하는 자들과도 더불어 사귀지 말라
11-2	잠언 23장 21절	술 취하고 음식을 탐하는 자는 가난하여질 것이요 잠 자기를 즐겨 하는 자는 해어진 옷을 입을 것임이니라
11-3	잠언 24장 17절	네 원수가 넘어질 때에 즐거워하지 말며 그가 엎드러질 때에 마음에 기뻐하지 말라
11-4	전도서 7장 8절	일의 끝이 시작보다 낫고 참는 마음이 교만한 마음보다 나으니
11-5	전도서 11장 6절	너는 아침에 씨를 뿌리고 저녁에도 손을 놓지 말라 이것이 잘 될는지, 저것이 잘 될는지, 혹 둘이 다 잘 될는지 알지 못함이니라
11-6	전도서 12장 11절	지혜자들의 말씀들은 찌르는 채찍들 같고 회중의 스승들의 말씀들은 잘 박힌 못 같으니 다 한 목자가 주신 바이니라
11-7	누가복음 16장 10절	지극히 작은 것에 충성된 자는 큰 것에도 충성되고 지극히 작은 것에 불의한 자는 큰 것에도 불의하니라
11-8	출애굽기 12장 13절	내가 애굽 땅을 칠 때에 그 피가 너희가 사는 집에 있어서 너희를 위하여 표적이 될지라 내가 피를 볼 때에 너희를 넘어가리니 재앙이 너희에게 내려 멸하지 아니하리라
11-9	레위기 17장 11절	육체의 생명은 피에 있음이라 내가 이 피를 너희에게 주어 제단에 뿌려 너희의 생명을 위하여 속죄하게 하였나니 생명이 피에 있으므로 피가 죄를 속하느니라
11-10	역대하 7장 14절	내 이름으로 일컫는 내 백성이 그들의 악한 길에서 떠나 스스로 낮추고 기도하여 내 얼굴을 찾으면 내가 하늘에서 듣고 그들의 죄를 사하고 그들의 땅을 고칠지라
11-11	욥기 13장 26-28절	주께서 나를 대적하사 괴로운 일들을 기록하시며 내가 젊었을 때에 지은 죄를 내가 받게 하시오며개행내 발을 차꼬에 채우시며 나의 모든 길을 살피사 내 발자취를 점검하시나이다개행나는 썩은 물건의 낡아짐 같으며 좀 먹은 의복 같으니이다
11-12	욥기 15장 14-16절	사람이 어찌 깨끗하겠느냐 여인에게서 난 자가 어찌 의롭겠느냐개행하나님은 거룩한 자들을 믿지 아니하시나니 하늘이라도 그가 보시기에 부정하거든개행하물며 악을 저지르기를 물 마심 같이 하는 가증하고 부패한 사람을 용납하시겠느냐
11-13	시편 38편 3-4절	주의 진노로 말미암아 내 살에 성한 곳이 없사오며 나의 죄로 말미암아 내 뼈에 평안함이 없나이다개행내 죄악이 내 머리에 넘쳐서 무거운 짐 같으니 내가 감당할 수 없나이다
11-14	시편 51편 5절	내가 죄악 중에서 출생하였음이여 어머니가 죄 중에서 나를 잉태하였나이다
11-15	잠언 28장 13절개행잠언 30장 12절	자기의 죄를 숨기는 자는 형통하지 못하나 죄를 자복하고 버리는 자는 불쌍히 여김을 받으리라스스로 깨끗한 자로 여기면서도 자기의 더러운 것을 씻지 아니하는 무리가 있느니라
11-16	전도서 9장 3절	모든 사람의 결국은 일반이라 이것은 해 아래에서 행해지는 모든 일 중의 악한 것이니 곧 인생의 마음에는 악이 가득하여 그들의 평생에 미친 마음을 품고 있다가 후에는 죽은 자들에게로 돌아가는 것이라
11-17	이사야 1장 18절	여호와께서 말씀하시되 오라 우리가 서로 변론하자 너희의 죄가 주홍 같을지라도 눈과 같이 희어질 것이요 진홍 같이 붉을지라도 양털 같이 희게 되리라
11-18	이사야 38장 17절	보옵소서 내게 큰 고통을 더하신 것은 내게 평안을 주려 하심이라 주께서 내 영혼을 사랑하사 멸망의 구덩이에서 건지셨고 내 모든 죄를 주의 등 뒤에 던지셨나이다
11-19	이사야 43장 25절	나 곧 나는 나를 위하여 네 허물을 도말하는 자니 네 죄를 기억하지 아니하리라
11-20	이사야 44장 22절	내가 네 허물을 빽빽한 구름 같이, 네 죄를 안개 같이 없이하였으니 너는 내게로 돌아오라 내가 너를 구속하였음이니라
11-21	이사야 53장 5-6절	그가 찔림은 우리의 허물 때문이요 그가 상함은 우리의 죄악 때문이라 그가 징계를 받으므로 우리는 평화를 누리고 그가 채찍에 맞으므로 우리는 나음을 받았도다개행우리는 다 양 같아서 그릇 행하여 각기 제 길로 갔거늘 여호와께서는 우리 모두의 죄악을 그에게 담당시키셨도다
11-22	이사야 59장 1-3절	여호와의 손이 짧아 구원하지 못하심도 아니요 귀가 둔하여 듣지 못하심도 아니라개행오직 너희 죄악이 너희와 너희 하나님 사이를 갈라 놓았고 너희 죄가 그의 얼굴을 가리어서 너희에게서 듣지 않으시게 함이니라개행이는 너희 손이 피에, 너희 손가락이 죄악에 더러워졌으며 너희 입술은 거짓을 말하며 너희 혀는 악독을 냄이라
11-23	이사야 64장 6절	무릇 우리는 다 부정한 자 같아서 우리의 의는 다 더러운 옷 같으며 우리는 다 잎사귀 같이 시들므로 우리의 죄악이 바람 같이 우리를 몰아가나이다
11-24	예레미야 2장 22절	주 여호와의 말씀이니라 네가 잿물로 스스로 씻으며 네가 많은 비누를 쓸지라도 네 죄악이 내 앞에 그대로 있으리니
11-25	예레미야 2장 35절	그러나 너는 말하기를 나는 무죄하니 그의 진노가 참으로 내게서 떠났다 하거니와 보라 네 말이 나는 죄를 범하지 아니하였다 하였으므로 내가 너를 심판하리라
11-26	예레미야 17장 9-10절	만물보다 거짓되고 심히 부패한 것은 마음이라 누가 능히 이를 알리요마는개행나 여호와는 심장을 살피며 폐부를 시험하고 각각 그의 행위와 그의 행실대로 보응하나니
11-27	미가 7장 19절	다시 우리를 불쌍히 여기셔서 우리의 죄악을 발로 밟으시고 우리의 모든 죄를 깊은 바다에 던지시리이다
11-28	마태복음 12장 30-31절	나와 함께 아니하는 자는 나를 반대하는 자요 나와 함께 모으지 아니하는 자는 헤치는 자니라개행그러므로 내가 너희에게 이르노니 사람에 대한 모든 죄와 모독은 사하심을 얻되 성령을 모독하는 것은 사하심을 얻지 못하겠고
11-29	로마서 3장 10-12절	기록된 바 의인은 없나니 하나도 없으며개행깨닫는 자도 없고 하나님을 찾는 자도 없고개행다 치우쳐 함께 무익하게 되고 선을 행하는 자는 없나니 하나도 없도다
11-30	고린도후서 5장 21절	하나님이 죄를 알지도 못하신 이를 우리를 대신하여 죄로 삼으신 것은 우리로 하여금 그 안에서 하나님의 의가 되게 하려 하심이라
12-1	골로새서 1장 13-14절	그가 우리를 흑암의 권세에서 건져내사 그의 사랑의 아들의 나라로 옮기셨으니개행그 아들 안에서 우리가 속량 곧 죄 사함을 얻었도다
12-2	히브리서 1장 3절	이는 하나님의 영광의 광채시요 그 본체의 형상이시라 그의 능력의 말씀으로 만물을 붙드시며 죄를 정결하게 하는 일을 하시고 높은 곳에 계신 지극히 크신 이의 우편에 앉으셨느니라
12-3	히브리서 9장 12절	염소와 송아지의 피로 하지 아니하고 오직 자기의 피로 영원한 속죄를 이루사 단번에 성소에 들어가셨느니라
12-4	히브리서 9장 25-26절	대제사장이 해마다 다른 것의 피로써 성소에 들어가는 것 같이 자주 자기를 드리려고 아니하실지니개행그리하면 그가 세상을 창조한 때부터 자주 고난을 받았어야 할 것이로되 이제 자기를 단번에 제물로 드려 죄를 없이 하시려고 세상 끝에 나타나셨느니라
12-5	히브리서 10장 17-18절	또 그들의 죄와 그들의 불법을 내가 다시 기억하지 아니하리라 하셨으니개행이것들을 사하셨은즉 다시 죄를 위하여 제사 드릴 것이 없느니라
12-6	야고보서 2장 9-10절	만일 너희가 사람을 차별하여 대하면 죄를 짓는 것이니 율법이 너희를 범법자로 정죄하리라개행누구든지 온 율법을 지키다가 그 하나를 범하면 모두 범한 자가 되나니
12-7	베드로전서 2장 24-25절	친히 나무에 달려 그 몸으로 우리 죄를 담당하셨으니 이는 우리로 죄에 대하여 죽고 의에 대하여 살게 하려 하심이라 그가 채찍에 맞음으로 너희는 나음을 얻었나니개행너희가 전에는 양과 같이 길을 잃었더니 이제는 너희 영혼의 목자와 감독 되신 이에게 돌아왔느니라
12-8	요한일서 1장 9절	만일 우리가 우리 죄를 자백하면 그는 미쁘시고 의로우사 우리 죄를 사하시며 우리를 모든 불의에서 깨끗하게 하실 것이요
12-9	요한일서 2장 15-16절	이 세상이나 세상에 있는 것들을 사랑하지 말라 누구든지 세상을 사랑하면 아버지의 사랑이 그 안에 있지 아니하니개행이는 세상에 있는 모든 것이 육신의 정욕과 안목의 정욕과 이생의 자랑이니 다 아버지께로부터 온 것이 아니요 세상으로부터 온 것이라
12-10	요한일서 3장 8절	죄를 짓는 자는 마귀에게 속하나니 마귀는 처음부터 범죄함이라 하나님의 아들이 나타나신 것은 마귀의 일을 멸하려 하심이라
12-11	욥기 22장 2-3절	사람이 어찌 하나님께 유익하게 하겠느냐 지혜로운 자도 자기에게 유익할 따름이니라개행네가 의로운들 전능자에게 무슨 기쁨이 있겠으며 네 행위가 온전한들 그에게 무슨 이익이 되겠느냐
12-12	로마서 3장 20절	그러므로 율법의 행위로 그의 앞에 의롭다 하심을 얻을 육체가 없나니 율법으로는 죄를 깨달음이니라
12-13	로마서 3장 28절	그러므로 사람이 의롭다 하심을 얻는 것은 율법의 행위에 있지 않고 믿음으로 되는 줄 우리가 인정하노라
12-14	로마서 7장 7절	그런즉 우리가 무슨 말을 하리요 율법이 죄냐 그럴 수 없느니라 율법으로 말미암지 않고는 내가 죄를 알지 못하였으니 곧 율법이 탐내지 말라 하지 아니하였더라면 내가 탐심을 알지 못하였으리라
12-15	갈라디아서 2장 16절	사람이 의롭게 되는 것은 율법의 행위로 말미암음이 아니요 오직 예수 그리스도를 믿음으로 말미암는 줄 알므로 우리도 그리스도 예수를 믿나니 이는 우리가 율법의 행위로써가 아니고 그리스도를 믿음으로써 의롭다 함을 얻으려 함이라 율법의 행위로써는 의롭다 함을 얻을 육체가 없느니라
12-16	갈라디아서 2장 21절	내가 하나님의 은혜를 폐하지 아니하노니 만일 의롭게 되는 것이 율법으로 말미암으면 그리스도께서 헛되이 죽으셨느니라
12-17	갈라디아서 3장 19절	그런즉 율법은 무엇이냐 범법하므로 더하여진 것이라 천사들을 통하여 한 중보자의 손으로 베푸신 것인데 약속하신 자손이 오시기까지 있을 것이라
12-18	갈라디아서 4장 9-11절	이제는 너희가 하나님을 알 뿐 아니라 더욱이 하나님이 아신 바 되었거늘 어찌하여 다시 약하고 천박한 초등학문으로 돌아가서 다시 그들에게 종 노릇 하려 하느냐개행너희가 날과 달과 절기와 해를 삼가 지키니개행내가 너희를 위하여 수고한 것이 헛될까 두려워하노라
12-19	갈라디아서 5장 1절	그리스도께서 우리를 자유롭게 하려고 자유를 주셨으니 그러므로 굳건하게 서서 다시는 종의 멍에를 메지 말라
12-20	갈라디아서 5장 4절	율법 안에서 의롭다 함을 얻으려 하는 너희는 그리스도에게서 끊어지고 은혜에서 떨어진 자로다
12-21	히브리서 10장 1절	율법은 장차 올 좋은 일의 그림자일 뿐이요 참 형상이 아니므로 해마다 늘 드리는 같은 제사로는 나아오는 자들을 언제나 온전하게 할 수 없느니라
12-22	야고보서 2장 10-11절	누구든지 온 율법을 지키다가 그 하나를 범하면 모두 범한 자가 되나니개행간음하지 말라 하신 이가 또한 살인하지 말라 하셨은즉 네가 비록 간음하지 아니하여도 살인하면 율법을 범한 자가 되느니라
12-23	전도서 11장 9절	청년이여 네 어린 때를 즐거워하며 네 청년의 날들을 마음에 기뻐하여 마음에 원하는 길들과 네 눈이 보는 대로 행하라 그러나 하나님이 이 모든 일로 말미암아 너를 심판하실 줄 알라
12-24	마태복음 3장 12절	손에 키를 들고 자기의 타작 마당을 정하게 하사 알곡은 모아 곳간에 들이고 쭉정이는 꺼지지 않는 불에 태우시리라
12-25	마태복음 12장 36-37절	내가 너희에게 이르노니 사람이 무슨 무익한 말을 하든지 심판 날에 이에 대하여 심문을 받으리니개행네 말로 의롭다 함을 받고 네 말로 정죄함을 받으리라
12-26	사도행전 17장 30-31절	알지 못하던 시대에는 하나님이 간과하셨거니와 이제는 어디든지 사람에게 다 명하사 회개하라 하셨으니개행이는 정하신 사람으로 하여금 천하를 공의로 심판할 날을 작정하시고 이에 그를 죽은 자 가운데서 다시 살리신 것으로 모든 사람에게 믿을 만한 증거를 주셨음이니라 하니라
12-27	로마서 2장 6-8절	하나님께서 각 사람에게 그 행한 대로 보응하시되개행참고 선을 행하여 영광과 존귀와 썩지 아니함을 구하는 자에게는 영생으로 하시고개행오직 당을 지어 진리를 따르지 아니하고 불의를 따르는 자에게는 진노와 분노로 하시리라
12-28	로마서 14장 11-12절	기록되었으되 주께서 이르시되 내가 살았노니 모든 무릎이 내게 꿇을 것이요 모든 혀가 하나님께 자백하리라 하였느니라개행이러므로 우리 각 사람이 자기 일을 하나님께 직고하리라
12-29	데살로니가후서 2장 10-11절	불의의 모든 속임으로 멸망하는 자들에게 있으리니 이는 그들이 진리의 사랑을 받지 아니하여 구원함을 받지 못함이라개행이러므로 하나님이 미혹의 역사를 그들에게 보내사 거짓 것을 믿게 하심은
12-30	데살로니가후서 2장 12절	진리를 믿지 않고 불의를 좋아하는 모든 자들로 하여금 심판을 받게 하려 하심이라
12-31	히브리서 4장 13절	지으신 것이 하나도 그 앞에 나타나지 않음이 없고 우리의 결산을 받으실 이의 눈 앞에 만물이 벌거벗은 것 같이 드러나느니라
